trType,posX1,posY1,posZ1,posX2,posY2,posZ2
8,112653,79333.3,24057,112640,79344.7,24196.4
2,112653,79333.3,24057,111168,78975.8,25883.7
2,111168,78975.8,25883.7,109962,78663.4,27396.4
2,109962,78663.4,27396.4,108911,78360.4,28694.1
2,108911,78360.4,28694.1,107877,78065.5,29980.8
2,107877,78065.5,29980.8,106824,77783.2,31278.3
2,106824,77783.2,31278.3,105764,77505.1,32578.3
2,105764,77505.1,32578.3,104698,77240.1,33878
2,104698,77240.1,33878,103580,76982.1,35178
2,103580,76982.1,35178,102485,76749.3,36477.8
2,102485,76749.3,36477.8,101358,76510.6,37784.3
2,101358,76510.6,37784.3,100244,76268.7,39084.1
2,100244,76268.7,39084.1,99085.7,76083.1,40396.4
2,99085.7,76083.1,40396.4,97943.7,75930.6,41696.4
2,97943.7,75930.6,41696.4,96799.9,75783.1,42996.3
2,96799.9,75783.1,42996.3,95656.9,75631.5,44296.3
2,95656.9,75631.5,44296.3,94485.4,75482.9,45596.3
2,94485.4,75482.9,45596.3,93315.9,75343.3,46896.3
2,93315.9,75343.3,46896.3,92154.7,75209.8,48194.5
2,92154.7,75209.8,48194.5,90999.1,75095,49494.5
2,90999.1,75095,49494.5,89838.1,74986.7,50812.7
2,89838.1,74986.7,50812.7,88664.9,74824.7,52112.7
2,88664.9,74824.7,52112.7,87494.9,74678.2,53412.7
2,87494.9,74678.2,53412.7,86301.4,74540.1,54712.7
2,86301.4,74540.1,54712.7,85118.5,74417.1,56011.7
2,85118.5,74417.1,56011.7,83929.2,74300.9,57311.7
2,83929.2,74300.9,57311.7,82776.9,74182.3,58611.7
2,82776.9,74182.3,58611.7,81653.6,74039.3,59895.4
2,81653.6,74039.3,59895.4,80489.7,73881.5,61195.6
2,80489.7,73881.5,61195.6,79325.9,73712.1,62495.5
2,79325.9,73712.1,62495.5,78170.9,73547.4,63795.4
2,78170.9,73547.4,63795.4,77026.5,73363.9,65095.4
2,77026.5,73363.9,65095.4,75915.5,73219.5,66370.7
2,75915.5,73219.5,66370.7,74863.1,73072.3,67670.7
2,74863.1,73072.3,67670.7,73826.8,72949.6,68970.7
2,73826.8,72949.6,68970.7,72778.2,72796.7,70270.6
2,72778.2,72796.7,70270.6,71774.2,72649.5,71553.5
2,112653,79333.3,24057,112536,79063.3,25883.7
2,112536,79063.3,25883.7,112432,78836.4,27396.4
2,112432,78836.4,27396.4,112344,78641.6,28694.1
2,112344,78641.6,28694.1,112257,78450.2,29980.8
2,112257,78450.2,29980.8,112085,78066.8,32578.3
2,112085,78066.8,32578.3,112004,77878.1,33878
2,112004,77878.1,33878,111924,77691.8,35178
2,111924,77691.8,35178,111841,77507.2,36477.8
2,111841,77507.2,36477.8,111585,76958.6,40396.4
2,111585,76958.6,40396.4,111497,76774.6,41696.4
2,111497,76774.6,41696.4,111412,76586.4,42996.3
2,111412,76586.4,42996.3,111335,76401.2,44296.3
2,111335,76401.2,44296.3,111254,76212.9,45596.3
2,111254,76212.9,45596.3,111112,75811.8,48194.5
2,111112,75811.8,48194.5,111031,75611.6,49494.5
2,111031,75611.6,49494.5,110951,75411.9,50812.7
2,110951,75411.9,50812.7,110876,75208.9,52112.7
2,110876,75208.9,52112.7,110793,75003,53412.7
2,110793,75003,53412.7,110702,74804.1,54712.7
2,110702,74804.1,54712.7,110616,74608.7,56011.7
2,110616,74608.7,56011.7,110532,74414.8,57311.7
2,110532,74414.8,57311.7,110449,74221.5,58611.7
2,110449,74221.5,58611.7,110366,74027.6,59895.4
2,110366,74027.6,59895.4,110279,73835.3,61195.6
2,110279,73835.3,61195.6,110191,73640,62495.5
2,110191,73640,62495.5,110005,73243.7,65095.4
2,110005,73243.7,65095.4,109916,73054.7,66370.7
2,109916,73054.7,66370.7,109730,72673.6,68970.7
2,109730,72673.6,68970.7,109642,72481.6,70270.6
2,109642,72481.6,70270.6,109547,72294.4,71553.5
2,109547,72294.4,71553.5,109456,72103.9,72853.6
2,112653,79333.3,24057,112510,79423.9,25883.7
2,112510,79423.9,25883.7,112390,79500.9,27396.4
2,112390,79500.9,27396.4,112292,79563.7,28694.1
2,112292,79563.7,28694.1,112194,79627.1,29980.8
2,112194,79627.1,29980.8,112099,79698,31278.3
2,112099,79698,31278.3,111997,79769.1,32578.3
2,111997,79769.1,32578.3,111903,79842.8,33878
2,111903,79842.8,33878,111805,79914.3,35178
2,111805,79914.3,35178,111709,79981.2,36477.8
2,111709,79981.2,36477.8,111609,80051.3,37784.3
2,111609,80051.3,37784.3,111513,80122.1,39084.1
2,111513,80122.1,39084.1,111415,80196.9,40396.4
2,111415,80196.9,40396.4,111329,80264.6,41696.4
2,111329,80264.6,41696.4,111241,80333.4,42996.3
2,111241,80333.4,42996.3,111151,80405.2,44296.3
2,111151,80405.2,44296.3,110876,80572,48194.5
2,110876,80572,48194.5,110781,80625.7,49494.5
2,110781,80625.7,49494.5,110691,80682.2,50812.7
2,110691,80682.2,50812.7,110605,80743.9,52112.7
2,110605,80743.9,52112.7,110518,80799.2,53412.7
2,110518,80799.2,53412.7,110425,80858,54712.7
2,110425,80858,54712.7,110241,80963.3,57311.7
2,110241,80963.3,57311.7,110043,81044.9,59895.4
2,110043,81044.9,59895.4,109939,81087,61195.6
2,109939,81087,61195.6,109828,81128.9,62495.5
2,109828,81128.9,62495.5,109717,81173.6,63795.4
2,109717,81173.6,63795.4,109606,81219,65095.4
2,109606,81219,65095.4,109489,81263.1,66370.7
2,109489,81263.1,66370.7,109376,81308.3,67670.7
2,109376,81308.3,67670.7,109259,81351.8,68970.7
2,109259,81351.8,68970.7,109033,81438.3,71553.5
2,109033,81438.3,71553.5,108916,81478.5,72853.6
2,108916,81478.5,72853.6,108793,81504.5,74153.6
2,112653,79333.3,24057,112667,79188.1,25883.7
2,112667,79188.1,25883.7,112667,79070.8,27396.4
2,112667,79070.8,27396.4,112671,78970,28694.1
2,112671,78970,28694.1,112668,78864.2,29980.8
2,112668,78864.2,29980.8,112670,78755.3,31278.3
2,112670,78755.3,31278.3,112667,78648,32578.3
2,112667,78648,32578.3,112667,78542.2,33878
2,112667,78542.2,33878,112661,78443.9,35178
2,112661,78443.9,35178,112654,78348.7,36477.8
2,112654,78348.7,36477.8,112651,78252.1,37784.3
2,112651,78252.1,37784.3,112651,78154.2,39084.1
2,112651,78154.2,39084.1,112649,78055.7,40396.4
2,112649,78055.7,40396.4,112645,77957.8,41696.4
2,112645,77957.8,41696.4,112635,77849.4,42996.3
2,112635,77849.4,42996.3,112624,77740.3,44296.3
2,112624,77740.3,44296.3,112611,77635.5,45596.3
2,112611,77635.5,45596.3,112599,77526.5,46896.3
2,112599,77526.5,46896.3,112590,77413.1,48194.5
2,112590,77413.1,48194.5,112580,77297.3,49494.5
2,112580,77297.3,49494.5,112568,77180.5,50812.7
2,112568,77180.5,50812.7,112557,77070,52112.7
2,112557,77070,52112.7,112540,76964.8,53412.7
2,112540,76964.8,53412.7,112526,76860.6,54712.7
2,112526,76860.6,54712.7,112513,76754.2,56011.7
2,112513,76754.2,56011.7,112496,76646,57311.7
2,112496,76646,57311.7,112464,76431.6,59895.4
2,112464,76431.6,59895.4,112450,76319.5,61195.6
2,112450,76319.5,61195.6,112431,76208.1,62495.5
2,112431,76208.1,62495.5,112406,76094.9,63795.4
2,112406,76094.9,63795.4,112384,75981.5,65095.4
2,112384,75981.5,65095.4,112365,75874,66370.7
2,112365,75874,66370.7,112323,75657.7,68970.7
2,112323,75657.7,68970.7,112305,75541.9,70270.6
2,112305,75541.9,70270.6,112265,75310.9,72853.6
2,112640,79344.7,24196.4,112427,79270.3,25883.7
2,112427,79270.3,25883.7,112237,79214.2,27396.4
2,112237,79214.2,27396.4,112073,79172.5,28694.1
2,112073,79172.5,28694.1,111897,79128.1,29980.8
2,111897,79128.1,29980.8,111723,79072.3,31278.3
2,111723,79072.3,31278.3,111564,79041,32578.3
2,111564,79041,32578.3,111429,78993.7,33878
2,111429,78993.7,33878,111359,78992,34618
2,112640,79344.7,24196.4,111759,79856.1,25883.7
2,111759,79856.1,25883.7,110966,80280.9,27396.4
2,110966,80280.9,27396.4,110292,80663.8,28694.1
2,110292,80663.8,28694.1,109627,81032.1,29980.8
2,109627,81032.1,29980.8,108971,81392.1,31278.3
2,108971,81392.1,31278.3,108294,81757.3,32578.3
2,108294,81757.3,32578.3,106888,82535.1,35178
2,106888,82535.1,35178,105487,83335.3,37784.3
2,105487,83335.3,37784.3,103367,84491.7,41696.4
2,103367,84491.7,41696.4,102653,84886,42996.3
2,102653,84886,42996.3,101970,85259.6,44296.3
2,101970,85259.6,44296.3,100548,86005.5,46896.3
2,100548,86005.5,46896.3,100040,86241.7,47861.3
2,112640,79344.7,24196.4,112493,79351.8,25883.7
2,112493,79351.8,25883.7,112217,79349.3,28694.1
2,112217,79349.3,28694.1,112097,79350,29980.8
2,112097,79350,29980.8,111968,79356.8,31278.3
2,111968,79356.8,31278.3,111842,79364.7,32578.3
2,111842,79364.7,32578.3,111718,79368.5,33878
2,111718,79368.5,33878,111591,79372.9,35178
2,111591,79372.9,35178,111459,79379.4,36477.8
2,111459,79379.4,36477.8,111331,79388.9,37784.3
2,111331,79388.9,37784.3,111211,79400.6,39084.1
2,111211,79400.6,39084.1,111090,79410.1,40396.4
2,111090,79410.1,40396.4,110968,79418.1,41696.4
2,110968,79418.1,41696.4,110847,79422.9,42996.3
2,110847,79422.9,42996.3,110726,79427.4,44296.3
2,110726,79427.4,44296.3,110613,79427.8,45596.3
2,110613,79427.8,45596.3,110498,79432.7,46896.3
2,110498,79432.7,46896.3,110386,79438.5,48194.5
2,110386,79438.5,48194.5,110273,79444.5,49494.5
2,110273,79444.5,49494.5,110047,79442.2,52112.7
2,110047,79442.2,52112.7,109932,79447.8,53412.7
2,109932,79447.8,53412.7,109817,79448.5,54712.7
2,109817,79448.5,54712.7,109699,79445.5,56011.7
2,109699,79445.5,56011.7,109582,79448.7,57311.7
2,109582,79448.7,57311.7,109468,79451.1,58611.7
2,109468,79451.1,58611.7,109355,79453.3,59895.4
2,109355,79453.3,59895.4,109244,79448.1,61195.6
2,109244,79448.1,61195.6,109132,79448.5,62495.5
2,109132,79448.5,62495.5,109020,79452.5,63795.4
2,109020,79452.5,63795.4,108790,79473.9,66370.7
2,108790,79473.9,66370.7,108682,79483.8,67670.7
2,108682,79483.8,67670.7,108574,79487.7,68970.7
2,108574,79487.7,68970.7,108466,79493.7,70270.6
2,108466,79493.7,70270.6,108358,79500.3,71553.5
2,108358,79500.3,71553.5,108258,79511.7,72853.6
2,108258,79511.7,72853.6,108142,79503.7,74153.6
2,111359,78992,34618,110921,79304.6,36477.8
2,110921,79304.6,36477.8,110585,79519.3,37784.3
2,110585,79519.3,37784.3,110272,79682.3,39084.1
2,110272,79682.3,39084.1,109873,79865.2,40396.4
2,109873,79865.2,40396.4,109465,80013,41696.4
2,109465,80013,41696.4,109101,80175,42996.3
2,109101,80175,42996.3,108727,80372.6,44296.3
2,108727,80372.6,44296.3,108286,80653,45596.3
2,108286,80653,45596.3,107847,80933.6,46896.3
2,107847,80933.6,46896.3,107395,81214.4,48194.5
2,107395,81214.4,48194.5,106977,81529,49494.5
2,106977,81529,49494.5,106538,82047.7,50812.7
2,106538,82047.7,50812.7,106064,82520.9,52112.7
2,106064,82520.9,52112.7,105658,82896.7,53412.7
2,105658,82896.7,53412.7,105284,83253.8,54712.7
2,105284,83253.8,54712.7,104832,83615.5,56011.7
2,104832,83615.5,56011.7,104342,83892.9,57311.7
2,104342,83892.9,57311.7,103831,84231.9,58611.7
2,103831,84231.9,58611.7,103399,84667,59895.4
2,100040,86241.7,47861.3,99196.1,86562.2,49494.5
2,99196.1,86562.2,49494.5,97863.4,87179.9,52112.7
2,97863.4,87179.9,52112.7,97180.7,87496.8,53412.7
2,97180.7,87496.8,53412.7,96519,87787,54712.7
2,96519,87787,54712.7,95846.2,88095.4,56011.7
2,95846.2,88095.4,56011.7,95176.7,88413.3,57311.7
2,95176.7,88413.3,57311.7,94497.4,88732,58611.7
2,94497.4,88732,58611.7,93823.7,89071.4,59895.4
2,93823.7,89071.4,59895.4,92424.6,89709.7,62495.5
2,92424.6,89709.7,62495.5,91756.4,90024.3,63795.4
2,91756.4,90024.3,63795.4,91089.4,90333.5,65095.4
2,6519.3,58625.6,28390.5,6768.73,58084.1,29850
2,6768.73,58084.1,29850,7201.3,57148,32431
2,7201.3,57148,32431,7582.77,56215.4,35005
2,7582.77,56215.4,35005,7778.94,55734.7,36288
2,7778.94,55734.7,36288,8377.29,54265.9,40126
2,8377.29,54265.9,40126,8791.24,53315.8,42710
2,8791.24,53315.8,42710,8988.1,52842.5,44000
2,8988.1,52842.5,44000,9397.36,51870.8,46574
2,9397.36,51870.8,46574,9607.4,51413.1,47861
2,9607.4,51413.1,47861,9812.07,50931.6,49145
2,9812.07,50931.6,49145,10024.1,50467.8,50424
2,10024.1,50467.8,50424,10232.7,50018.7,51705
2,10232.7,50018.7,51705,10432.3,49534.5,52988
2,10432.3,49534.5,52988,10632.7,49069.4,54271
2,10632.7,49069.4,54271,11221.7,47692.9,58128
2,11221.7,47692.9,58128,11426.9,47224.3,59416
2,11426.9,47224.3,59416,12356,44919.8,65846
2,12356,44919.8,65846,12555.1,44456.8,67129
2,12555.1,44456.8,67129,12949,43544.5,69690
2,12949,43544.5,69690,13126,43079.7,70972
2,13126,43079.7,70972,13318.2,42622.1,72259
8,6519.3,58625.6,28390.5,6422.4,58863.4,30080.7
2,4721.5,61509,42525.3,4041.32,60635.3,46574
2,4041.32,60635.3,46574,3418.39,59679.7,50424
2,3418.39,59679.7,50424,3235.33,59374.3,51683
2,3235.33,59374.3,51683,3055.24,59079.1,52988
2,3055.24,59079.1,52988,2877.93,58801.1,54271
2,2877.93,58801.1,54271,2636.04,58448.6,55780
2,2636.04,58448.6,55780,2182.95,57858.5,58350
2,2182.95,57858.5,58350,1768.82,57319.2,60699
2,1768.82,57319.2,60699,1462.9,56942.1,62206
2,1462.9,56942.1,62206,1270.84,56698.8,63270
2,1270.84,56698.8,63270,1057.81,56411.7,64558
2,4721.5,61509,42525.3,4631.47,62634.7,45287
2,4631.47,62634.7,45287,4531.6,63622.3,47861
2,4531.6,63622.3,47861,4463.29,64110.7,49145
2,4463.29,64110.7,49145,4343.74,65084.3,51705
2,4343.74,65084.3,51705,4326.29,66019.1,54271
2,4326.29,66019.1,54271,4297.75,67488.2,58128
2,6422.4,58863.4,30080.7,6124.15,59378.1,32431
2,6124.15,59378.1,32431,5948.58,59658.8,33721
2,5948.58,59658.8,33721,5610.25,60206.9,36288
2,5610.25,60206.9,36288,5427.52,60462.8,37564
2,5427.52,60462.8,37564,5260.49,60729.5,38843
2,5260.49,60729.5,38843,5087.79,60993.8,40126
2,5087.79,60993.8,40126,4912.85,61261.8,41419
2,4912.85,61261.8,41419,4721.5,61509,42525.3
2,6422.4,58863.4,30080.7,6283.26,59073.8,32431
2,6283.26,59073.8,32431,6138.09,59341.7,35005
2,6138.09,59341.7,35005,5985.57,59590.7,37564
2,5985.57,59590.7,37564,5830.57,59836.6,40126
2,5830.57,59836.6,40126,5754.03,59970.9,41419
2,5754.03,59970.9,41419,5676.44,60097.9,42710
2,5676.44,60097.9,42710,5603.68,60228.3,44000
2,5603.68,60228.3,44000,5443.32,60487,46574
2,5443.32,60487,46574,5364.3,60620.7,47861
2,5364.3,60620.7,47861,5205.65,60882.7,50424
2,5205.65,60882.7,50424,5130.58,61012.2,51705
2,5130.58,61012.2,51705,5061.04,61137.3,52988
2,5061.04,61137.3,52988,4919.18,61378.3,55558
2,4919.18,61378.3,55558,4847.18,61511.4,56846
2,4847.18,61511.4,56846,4622.17,61890.1,60699
2,4622.17,61890.1,60699,4485.65,62158.3,63270
2,4485.65,62158.3,63270,4413.65,62290.3,64558
2,4413.65,62290.3,64558,4347.19,62421.8,65846
2,4347.19,62421.8,65846,4222.62,62679.6,68409
2,4222.62,62679.6,68409,4149.35,62803.1,69690
2,4149.35,62803.1,69690,4012.17,63061.3,72259
2,4012.17,63061.3,72259,3933.4,63204.8,73585
2,6422.4,58863.4,30080.7,6323.69,59474.5,32431
2,6323.69,59474.5,32431,6275.96,59818.9,33721
2,6275.96,59818.9,33721,6201.49,60157.9,35005
2,6201.49,60157.9,35005,5982.72,61186.5,38843
2,5982.72,61186.5,38843,5916,61517.5,40126
2,5916,61517.5,40126,5786.8,62189.3,42710
2,5786.8,62189.3,42710,5704.24,62550.5,44000
2,5704.24,62550.5,44000,5637.32,62900.6,45287
2,5637.32,62900.6,45287,5567.82,63262.2,46574
2,5567.82,63262.2,46574,5485.45,63612.3,47861
2,5485.45,63612.3,47861,5412.27,63962.8,49145
2,5412.27,63962.8,49145,5325.29,64306.9,50424
2,5325.29,64306.9,50424,5253.56,64654,51705
2,5253.56,64654,51705,5014.67,65725.2,55558
2,5014.67,65725.2,55558,4925.8,66087.1,56846
2,4925.8,66087.1,56846,4832.21,66442.2,58128
2,4832.21,66442.2,58128,4739.48,66824.7,59416
2,4739.48,66824.7,59416,4333.26,68326.2,64558
2,4333.26,68326.2,64558,4135.29,69079.5,67129
2,4135.29,69079.5,67129,4034.17,69454.5,68409
2,4034.17,69454.5,68409,3930.41,69822.2,69690
2,3930.41,69822.2,69690,3829.13,70188.8,70972
2,3829.13,70188.8,70972,3721.03,70558.2,72259
2,15108.6,59153.1,39707.7,15099.2,59119.6,41294
2,15099.2,59119.6,41294,15051.8,59094.5,42594
2,15051.8,59094.5,42594,14962.8,59081.7,43894
2,14962.8,59081.7,43894,14883.1,59060.7,45194
2,14883.1,59060.7,45194,14810.9,59023.2,46494
2,14810.9,59023.2,46494,14724.5,59004.1,47794
2,14724.5,59004.1,47794,14627.2,58992,49094
2,14627.2,58992,49094,14539.5,58948.9,50394
2,14539.5,58948.9,50394,14433.9,58933,51694
2,14433.9,58933,51694,14323.4,58886.7,52994
2,14323.4,58886.7,52994,14289.2,58835.3,54294
2,14289.2,58835.3,54294,14227.5,58779.2,55594
2,14227.5,58779.2,55594,14166,58725.7,56894
2,14166,58725.7,56894,14102.3,58630.6,58194
2,14102.3,58630.6,58194,13995,58558.4,59494
2,13995,58558.4,59494,13903.1,58456,60794
2,15108.6,59153.1,39707.7,15291.7,58938.3,41294
2,15291.7,58938.3,41294,15419.1,58820.6,42594
2,15419.1,58820.6,42594,15550.2,58638.4,43894
3,15263.5,59609.5,43894,15327.1,59756.1,45194
3,15327.1,59756.1,45194,15397.1,59895.5,46494
3,15397.1,59895.5,46494,15493,60040.8,47836.1
3,15493,60040.8,47836.1,15550.9,60186,49126.3
3,15550.9,60186,49126.3,15590.3,60345.9,50435.8
3,15590.3,60345.9,50435.8,15627.1,60484,51736.4
3,15308.5,59783.4,45238.5,15382.5,59933.2,46538.5
3,15382.5,59933.2,46538.5,15481.7,60101.6,47836.1
3,15481.7,60101.6,47836.1,15664,60424.2,50435.8
3,15664,60424.2,50435.8,15768.4,60573.5,51736.4
3,15420.6,60062.8,47826.3,15492.6,60211,49126.3
3,15492.6,60211,49126.3,15553.8,60359.8,50435.8
3,15553.8,60359.8,50435.8,15611.8,60490.2,51736.4
3,15611.8,60490.2,51736.4,15702.7,60625.9,53046.5
3,15702.7,60625.9,53046.5,15929.7,60901.7,55668
3,15929.7,60901.7,55668,16041.4,61039.2,56978.9
3,16041.4,61039.2,56978.9,16328.8,61319.2,60894.3
3,16328.8,61319.2,60894.3,16547,61668.6,64798.2
3,16547,61668.6,64798.2,16707.6,62009.8,67396.6
3,15499.5,60208.9,49135.8,15582.8,60402.7,50435.8
3,15582.8,60402.7,50435.8,15740.8,60756.2,53046.5
3,15740.8,60756.2,53046.5,15828.7,60929.9,54346.8
3,15828.7,60929.9,54346.8,15923.4,61100,55668
3,15923.4,61100,55668,15985.8,61261.3,56978.9
3,15985.8,61261.3,56978.9,16294.3,61730.8,60894.3
3,15372.2,60413.5,51694,15415.4,60556.1,52994
3,15415.4,60556.1,52994,15456.7,60689.6,54294
3,15456.7,60689.6,54294,15501.3,60816.9,55594
3,15501.3,60816.9,55594,15611.5,61077.9,58194
3,15611.5,61077.9,58194,15654.3,61188.3,59494
3,15654.3,61188.3,59494,15694.5,61324.4,60794
3,15694.5,61324.4,60794,15729.6,61471.6,62094
3,15729.6,61471.6,62094,15795.4,61626.9,63394
3,15795.4,61626.9,63394,15867.8,61759.9,64694
3,15867.8,61759.9,64694,15950.6,61922.8,65994
3,15950.6,61922.8,65994,16242.7,62434.9,69894
3,16242.7,62434.9,69894,16406.2,62800.7,72494
3,16406.2,62800.7,72494,16536.9,62948.9,73794
3,15766.8,60949,55678.9,15873.9,61082.9,56978.9
3,15873.9,61082.9,56978.9,15943.9,61218.6,58295
3,15943.9,61218.6,58295,16051.7,61354.5,59590.8
3,16051.7,61354.5,59590.8,16165.4,61523.7,60894.3
3,16053.5,61198.5,56995,16159.2,61338.2,58295
3,16159.2,61338.2,58295,16393.4,61623.9,60894.3
3,16393.4,61623.9,60894.3,16468.4,61778.6,62191.7
3,16468.4,61778.6,62191.7,16599.5,61943.1,63502
3,16107.4,61312.9,59594.3,16240,61426,60894.3
3,16240,61426,60894.3,16329.1,61539.5,62191.7
3,16329.1,61539.5,62191.7,16606.2,61895.5,66099.1
2,15091.7,59260.2,40814.1,14942.7,59401.8,42594
2,14942.7,59401.8,42594,14820.1,59495.3,43894
2,14820.1,59495.3,43894,14695.5,59600.1,45194
2,14695.5,59600.1,45194,14571.1,59705.4,46494
2,14571.1,59705.4,46494,14439.7,59799.2,47794
2,14439.7,59799.2,47794,14299.5,59895.4,49094
2,14299.5,59895.4,49094,14165.8,60004.4,50394
2,14165.8,60004.4,50394,14021.1,60113.1,51694
2,14021.1,60113.1,51694,13888.1,60217.8,52994
2,13888.1,60217.8,52994,13746.3,60322.3,54294
2,13746.3,60322.3,54294,13603.9,60427.8,55594
2,13603.9,60427.8,55594,13467.9,60533.1,56894
2,13467.9,60533.1,56894,13333,60629,58194
2,13333,60629,58194,13203.8,60726.7,59494
2,13203.8,60726.7,59494,13072.6,60829.7,60794
2,15120,59147.6,39805,14774.2,58747,41294
2,14774.2,58747,41294,14470.4,58391,42594
2,14470.4,58391,42594,14171,58045.5,43894
2,14171,58045.5,43894,13875.8,57688.3,45194
2,13875.8,57688.3,45194,13582.2,57336.4,46494
2,13582.2,57336.4,46494,13286.4,56996.4,47794
2,13286.4,56996.4,47794,12991.8,56635.2,49094
2,12991.8,56635.2,49094,12698.1,56261,50394
2,12698.1,56261,50394,12399.2,55882.3,51694
2,12399.2,55882.3,51694,11788,55110.2,54294
2,11788,55110.2,54294,11492.3,54735.5,55594
2,11492.3,54735.5,55594,11232.7,54325.9,56894
2,11232.7,54325.9,56894,10931.7,53947.9,58194
2,10931.7,53947.9,58194,10625,53566.1,59494
2,10625,53566.1,59494,10345.6,53210.3,60794
2,15120,59147.6,39805,15634.3,59098.7,41294
2,15634.3,59098.7,41294,16534.7,59021,43894
2,16534.7,59021,43894,17453,58954.4,46494
2,17453,58954.4,46494,17914.9,58921.8,47794
2,17914.9,58921.8,47794,18366.5,58889.9,49094
2,18366.5,58889.9,49094,18820.7,58858.9,50394
2,18820.7,58858.9,50394,19280.5,58820,51694
2,19280.5,58820,51694,19734.4,58782.2,52994
2,19734.4,58782.2,52994,20192.4,58742.2,54294
2,20192.4,58742.2,54294,20652,58709.1,55594
2,20652,58709.1,55594,21141.9,58662.2,56894
2,21141.9,58662.2,56894,21602.9,58626.3,58194
2,21602.9,58626.3,58194,22062.7,58592.1,59494
2,22062.7,58592.1,59494,22472.7,58563,60794
8,15108.6,59153.1,39707.7,15091.7,59260.2,40814.1
3,15403.5,59903,46494,15476,60036.2,47794
3,15407.6,59903.7,46494,15478.3,60046,47794
3,15429.5,59940.8,46494,15526,60099.9,47794
3,15460.2,60045.4,47794,15517,60185.5,49094
3,15469.3,60043.9,47794,15542.5,60178.2,49094
3,15476.7,60045.6,47794,15545.7,60190.2,49094
3,15506.5,60193.1,49094,15542.8,60346.5,50394
3,15516.5,60188.1,49094,15573.3,60329.5,50394
3,15543.7,60182.1,49094,15621.4,60365.3,50394
3,15534.9,60347.8,50394,15586.8,60500.8,51694
3,15585.2,60331.6,50394,15637.6,60453.9,51694
3,15630.9,60323.6,50394,15605.8,60430.8,51694
3,15624.6,60337,50394,15682.6,60472.2,51694
3,15635.5,60341.7,50394,15702.2,60493.9,51694
3,15717.2,60418.3,50394,15812.4,60561,51694
3,15439.9,60370.1,51694,15477.5,60487.4,52994
3,15442.9,60381.9,51694,15487.1,60521,52994
3,15590.6,60438.6,51694,15678.2,60527.7,52994
3,15619.7,60460.5,51694,15664.4,60613.6,52994
3,15619.9,60460.9,51694,15665.1,60611.8,52994
3,15672.3,60462.6,51694,15745.9,60597,52994
3,15676.7,60461.8,51694,15729.7,60599.2,52994
3,15682.5,60506.9,51694,15718.6,60559.3,52994
3,15681.2,60499.9,51694,15742.6,60676.1,52994
3,15688.2,60519.1,51694,15716,60604.2,52994
3,15479.7,60490.6,52994,15545.1,60714.8,54294
3,15647.7,60590.6,52994,15639.2,60718.4,54294
3,15671.7,60611,52994,15685.6,60721.4,54294
3,15670.4,60606.7,52994,15718.6,60750.3,54294
3,15669.8,60597.7,52994,15726.7,60739.4,54294
3,15745.9,60668.4,52994,15821,60843,54294
3,15524.2,60628.4,54294,15557.1,60754.2,55594
3,15526.9,60645,54294,15561.9,60773.6,55594
3,15527.1,60647.9,54294,15562.7,60775.3,55594
3,15828.5,60844.2,54294,15909.9,61007.3,55594
3,15837.9,60743.6,54294,15931.2,60874.1,55594
3,15559.3,60758,55594,15594.7,60878.8,56894
3,15875.3,60900.8,55594,15946.5,61041.2,56894
3,15873.8,60901,55594,15962.8,61032.7,56894
3,15878.6,60898.8,55594,15950,61041,56894
3,15932.8,60885.5,55594,16025.5,61020.8,56894
3,15593.9,60883.8,56894,15634.3,61012.6,58194
3,15636.7,61006.5,58194,15676.7,61120.4,59494
3,15675.9,61114.8,59494,15721.4,61216.9,60794
3,16150.6,61282,59494,16247.3,61447.8,60794
3,16151.3,61283.6,59494,16247.9,61450.1,60794
8,100994,11985,68263.5,100813,11975.1,69478.1
2,100994,11985,68263.5,100931,12128.1,69869.3
2,100931,12128.1,69869.3,100876,12250.7,71238.3
2,100876,12250.7,71238.3,100823,12373.6,72610.5
2,100823,12373.6,72610.5,100764,12524.7,74096.7
2,100994,11985,68263.5,101061,12038.5,69869.3
2,101061,12038.5,69869.3,101116,12084.9,71238.3
2,101116,12084.9,71238.3,101174,12131.1,72610.5
2,100994,11985,68263.5,101170,11909.8,69869.3
2,101170,11909.8,69869.3,101321,11847.8,71238.3
2,101321,11847.8,71238.3,101466,11784.4,72610.5
2,101466,11784.4,72610.5,101607,11731.4,74096.7
2,100994,11985,68263.5,101264,12048.1,69869.3
2,101264,12048.1,69869.3,101491,12109.2,71238.3
2,101491,12109.2,71238.3,101715,12168.9,72610.5
2,101715,12168.9,72610.5,101949,12256.5,74096.7
2,100813,11975.1,69478.1,100719,12002.7,71238.3
2,100719,12002.7,71238.3,100646,12023.6,72610.5
2,100646,12023.6,72610.5,100558,12061,74096.7
8,42984.3,36068.7,24420.3,42990,36064.6,24634.5
2,42984.3,36068.7,24420.3,41953.8,35123.1,25908
2,43022.4,36037.4,24924.3,43462.2,36209.9,27198
2,43462.2,36209.9,27198,43696.3,36348.6,28476
2,43696.3,36348.6,28476,43894,36484.3,29756
2,43894,36484.3,29756,44098.4,36613.8,31036
2,42990,36064.6,24634.5,43141.1,36052.1,27198
2,43141.1,36052.1,27198,43282,36050.8,29756
2,43282,36050.8,29756,43510.8,36026.6,33595
2,42984.3,36068.7,24420.3,43377.9,36110.7,25908
2,43377.9,36110.7,25908,43681,36121.4,27198
2,43681,36121.4,27198,43982.4,36078.9,28476
2,43982.4,36078.9,28476,44308.6,36022.6,29756
2,44308.6,36022.6,29756,44674.4,35982.2,31036
2,44674.4,35982.2,31036,45015.4,35970.2,32295
2,45015.4,35970.2,32295,45353.2,36009.9,33595
2,45353.2,36009.9,33595,45699.8,36029.6,34885
2,42990,36064.6,24634.5,43040.8,36503,28476
2,43040.8,36503,28476,43063.3,36656,29756
2,43063.3,36656,29756,43114.9,36966.1,32295
2,43114.9,36966.1,32295,43134.1,37138,33595
2,42990,36064.6,24634.5,43022.4,36037.4,24924.3
2,43022.4,36037.4,24924.3,43173.54,36131.21,24490
2,43022.4,36037.4,24924.3,43244.33,35909.28,24490
2,43022.4,36037.4,24924.3,43396.22,35954.37,25300
8,107781,92485.8,48813,107768,92521.8,49189.7
1,107768,92521.8,49189.7,107182,92343.1,51778
1,107182,92343.1,51778,106890,92255,53063
1,106890,92255,53063,106311,92063.5,55637
2,107781,92485.8,48813,108051,92335.1,50113
2,108051,92335.1,50113,108398,92142.2,51778
2,108398,92142.2,51778,108971,91850.2,54353
2,108971,91850.2,54353,109237,91703.3,55637
2,109237,91703.3,55637,110106,91305.8,59500
3,107855.6,92122.6,51121,107897.6,91918,52421
3,107897.6,91918,52421,107925.6,91718.7,53776
3,107925.6,91718.7,53776,107961.6,91485.9,55117
3,107961.6,91485.9,55117,107999.6,91292.2,56462
3,107999.6,91292.2,56462,108038.6,91061.4,57811
3,108038.6,91061.4,57811,108077.6,90830,59172
3,108077.6,90830,59172,108115.6,90602.6,60506
3,108115.6,90602.6,60506,108148.6,90397.7,61823
3,108148.6,90397.7,61823,108178.6,90181.6,63188
3,108178.6,90181.6,63188,108219.6,89977.8,64533
3,108219.6,89977.8,64533,108271.6,89754.2,65873
3,108271.6,89754.2,65873,108367.6,89551.2,67239
3,108367.6,89551.2,67239,108419.6,89367.1,68598
3,108419.6,89367.1,68598,108459.6,89212.2,69972
3,108459.6,89212.2,69972,108471.6,89004.1,71328
3,108471.6,89004.1,71328,108461.6,88855.2,72680
3,108461.6,88855.2,72680,108488.6,88651.4,74100
3,107860.6,92121.8,51121,107929.6,91912.6,52421
3,107929.6,91912.6,52421,107975.6,91703,53776
3,107975.6,91703,53776,108016.6,91447.7,55117
3,108016.6,91447.7,55117,108051.6,91228.6,56462
3,107911.6,91452.5,55162,107940.6,91203.9,56462
3,107940.6,91203.9,56462,107965.6,90963.3,57811
3,107965.6,90963.3,57811,107979.6,90734.5,59172
3,107979.6,90734.5,59172,107981.6,90487.2,60506
3,107981.6,90487.2,60506,107982.6,90218.2,61823
3,108084.6,90011.5,63233,108147.6,89729.7,64533
3,108147.6,89729.7,64533,108212.6,89505.3,65873
3,108212.6,89505.3,65873,108255.6,89283.6,67239
3,108255.6,89283.6,67239,108284.6,89050.3,68598
3,108065.6,90302.4,63233,108056.6,90114,64533
3,108056.6,90114,64533,108033.6,89930.2,65873
3,108092.6,89583.4,65939,108135.6,89372.7,67239
3,108216.6,89658.5,67298,108259.6,89436.3,68598
3,108259.6,89436.3,68598,108278.6,89185,69972
3,108199.6,89416.5,68672,108188.6,89279.7,69972
3,108323.6,89367.8,70028,108364.6,89220.7,71328
3,108364.6,89220.7,71328,108419.6,88993.5,72680
3,108419.6,88993.5,72680,108438.6,88721.5,74100
3,108261.6,88697.3,72800,108282.6,88508.4,74100
8,62889.7,93528,13978.6,62962.1,93578.4,14910.1
2,62889.7,93528,13978.6,62392.1,93379.9,15731.8
2,62392.1,93379.9,15731.8,62005.7,93276.8,17079.4
2,62005.7,93276.8,17079.4,61612.2,93178,18451.7
2,61612.2,93178,18451.7,61222.9,93082.4,19777.3
2,61222.9,93082.4,19777.3,60824,92975.4,21118.5
2,60824,92975.4,21118.5,60411.4,92856.3,22509.3
2,60411.4,92856.3,22509.3,60020.1,92742,23868
2,60020.1,92742,23868,59617.1,92631.5,25241
2,59617.1,92631.5,25241,59185.4,92527.7,26619
2,59185.4,92527.7,26619,58784.4,92431.1,27903
2,58784.4,92431.1,27903,58375,92334.7,29294.1
2,58375,92334.7,29294.1,57986.3,92247.2,30654.4
2,57986.3,92247.2,30654.4,57579.9,92158.9,32029.3
2,57579.9,92158.9,32029.3,57179.3,92076.8,33421.4
2,57179.3,92076.8,33421.4,56791.8,91982,34799.3
2,56791.8,91982,34799.3,56421.6,91918.8,36134.9
2,56421.6,91918.8,36134.9,56032.6,91863.6,37485.9
2,56032.6,91863.6,37485.9,55637.3,91818.6,38860
2,55637.3,91818.6,38860,55252.7,91777.8,40169
2,55252.7,91777.8,40169,54878.8,91721.8,41471.6
2,54878.8,91721.8,41471.6,54487.5,91667,42821.6
2,54487.5,91667,42821.6,54085.8,91598.1,44196.2
2,62962.1,93578.4,14910.1,62925.6,93716.8,17079.4
2,62925.6,93716.8,17079.4,62902.8,93804.8,18451.7
2,62902.8,93804.8,18451.7,62882.9,93889.3,19777.3
2,62882.9,93889.3,19777.3,62862,93974.5,21118.5
2,62862,93974.5,21118.5,62838.1,94064.2,22509.3
2,62838.1,94064.2,22509.3,62815.1,94150.6,23868
2,62815.1,94150.6,23868,62792.3,94238.3,25241
2,62792.3,94238.3,25241,62769.6,94327.5,26619
2,62769.6,94327.5,26619,62748.1,94407.6,27903
2,62748.1,94407.6,27903,62724.5,94497.5,29294.1
2,62724.5,94497.5,29294.1,62702.4,94584.3,30654.4
2,62702.4,94584.3,30654.4,62679.3,94670.9,32029.3
2,62679.3,94670.9,32029.3,62656.5,94758.5,33421.4
2,62656.5,94758.5,33421.4,62634.3,94846.6,34799.3
2,62634.3,94846.6,34799.3,62612.8,94935.1,36134.9
2,62612.8,94935.1,36134.9,62548.1,95296.6,43509.8
2,62548.1,95296.6,43509.8,62308.1,94306.6,46509.8
2,62548.1,95296.6,43509.8,63388.1,96166.6,46509.8
2,62548.1,95296.6,43509.8,63848.1,94856.6,41509.8
2,62548.1,95296.6,43509.8,62218.1,95206.6,46509.8
3,62366.1,95534.6,44909.8,62158.1,95806.6,46509.8
3,62366.1,95534.6,44909.8,62190.0,95760.0,46509.8
8,61012.4,24301.5,49879.7,60866.6,24314.5,50932.4
3,60918.6,24312.5,50255.7,60515,24404,52000
3,60515,24404,52000,60232.9,24487.6,53300
3,60232.9,24487.6,53300,59980,24617.1,54600
3,59980,24617.1,54600,59752.3,24711.1,55900
3,60918.6,24312.5,50255.7,60119.3,24552.7,53300
3,60119.3,24552.7,53300,59752.8,24643.7,54600
3,59752.8,24643.7,54600,59416.3,24739.1,55900
3,59416.3,24739.1,55900,59092.4,24822.4,57200
3,59092.4,24822.4,57200,58799.5,24900.8,58500
3,58799.5,24900.8,58500,58526,25026.3,59800
3,58526,25026.3,59800,58280.7,25132.6,61100
2,61012.4,24301.5,49879.7,60918,24449.3,52000
2,60918,24449.3,52000,60865.7,24542.6,53300
2,60865.7,24542.6,53300,60806.9,24636.5,54600
2,60806.9,24636.5,54600,60758.7,24722.3,55900
2,60758.7,24722.3,55900,60698.9,24815.2,57200
2,60698.9,24815.2,57200,60641.7,24899.1,58500
2,60641.7,24899.1,58500,60582.6,24993.3,59800
2,60582.6,24993.3,59800,60517.6,25089.7,61100
2,60517.6,25089.7,61100,60459.5,25187.2,62400
2,60459.5,25187.2,62400,60408.7,25290,63700
2,60408.7,25290,63700,60358.7,25388.9,65000
2,60358.7,25388.9,65000,60304.1,25487.1,66300
2,60304.1,25487.1,66300,60242,25574.3,67600
2,60242,25574.3,67600,60184.1,25666.6,68900
2,60184.1,25666.6,68900,60122.1,25761.9,70200
2,60122.1,25761.9,70200,60061.6,25852,71500
2,60061.6,25852,71500,59997.4,25942.3,72800
2,60866.6,24314.5,50932.4,60661.8,24639.8,53300
2,60661.8,24639.8,53300,60552.9,24820.4,54600
2,60552.9,24820.4,54600,60442.7,25002,55900
2,60442.7,25002,55900,60336.2,25181.5,57200
2,60336.2,25181.5,57200,60228.5,25358.1,58500
2,60228.5,25358.1,58500,60009.8,25709.6,61100
2,60009.8,25709.6,61100,59904,25888.9,62400
2,59904,25888.9,62400,59804,26067,63700
2,59804,26067,63700,59700.1,26244.4,65000
2,59700.1,26244.4,65000,59594.6,26419.9,66300
2,59594.6,26419.9,66300,59489.4,26605.3,67600
2,59489.4,26605.3,67600,59380.1,26784.3,68900
2,59380.1,26784.3,68900,59271.1,26961.9,70200
2,59271.1,26961.9,70200,59161.8,27132.4,71500
2,59161.8,27132.4,71500,59055.2,27308.9,72800
2,61012.4,24301.5,49879.7,60850.6,25016.5,52000
2,60850.6,25016.5,52000,60746.5,25450.5,53300
2,60746.5,25450.5,53300,60636,25862.4,54600
2,60636,25862.4,54600,60523.8,26225.9,55900
2,60523.8,26225.9,55900,60394.8,26623.3,57200
2,60394.8,26623.3,57200,60263.7,27005.1,58500
2,60263.7,27005.1,58500,60138.9,27379.3,59800
2,60138.9,27379.3,59800,60032.7,27743.1,61100
2,60032.7,27743.1,61100,59909.3,28145.2,62400
2,59909.3,28145.2,62400,59808.4,28577,63700
2,59808.4,28577,63700,59702.7,29006.7,65000
2,59702.7,29006.7,65000,59585.3,29427.1,66300
2,59585.3,29427.1,66300,59491.6,29858.6,67600
2,59491.6,29858.6,67600,59408.9,30249.2,68900
2,59408.9,30249.2,68900,59348.5,30597.9,70200
2,59348.5,30597.9,70200,59317.9,30928.2,71500
2,59317.9,30928.2,71500,59300.6,31256.3,72800
3,61816,24090.9,57200,61958.5,24049.2,58500
3,61958.5,24049.2,58500,62096.4,24006.3,59800
3,62096.4,24006.3,59800,62235.2,23949.5,61100
3,62235.2,23949.5,61100,62382.7,23893.2,62400
3,62382.7,23893.2,62400,62528.8,23841.7,63700
3,62528.8,23841.7,63700,62674.4,23785,65000
3,62674.4,23785,65000,62828.7,23728.3,66300
3,62828.7,23728.3,66300,62983.9,23674.5,67600
3,62983.9,23674.5,67600,63133.7,23626.3,68900
3,63133.7,23626.3,68900,63303.7,23540.6,70200
3,63303.7,23540.6,70200,63452.4,23443.9,71500
3,63452.4,23443.9,71500,63646.4,23389.4,72800
2,61012.4,24301.5,49879.7,61292.5,24590.3,52000
2,61292.5,24590.3,52000,61470.6,24772.9,53300
2,61470.6,24772.9,53300,61654.4,24952.7,54600
2,61654.4,24952.7,54600,61837.6,25136.4,55900
2,61837.6,25136.4,55900,62016.1,25319.3,57200
2,62016.1,25319.3,57200,62195.3,25498.1,58500
2,62195.3,25498.1,58500,62382.9,25672.8,59800
2,62382.9,25672.8,59800,62570.4,25841,61100
2,62570.4,25841,61100,62755.8,26014.4,62400
2,62755.8,26014.4,62400,62941.4,26199.3,63700
2,62941.4,26199.3,63700,63125.5,26381.8,65000
2,63125.5,26381.8,65000,63291.9,26571.1,66300
2,63291.9,26571.1,66300,63647.8,26997.5,68900
2,63647.8,26997.5,68900,63821.1,27199.5,70200
2,63821.1,27199.5,70200,63986.2,27410.9,71500
2,63986.2,27410.9,71500,64148.5,27632.8,72800
3,61797.8,24098.6,57200,61916.1,24080,58500
3,61916.1,24080,58500,62027.1,24033.6,59800
3,62027.1,24033.6,59800,62138.1,23996.8,61100
3,62138.1,23996.8,61100,62235.4,23994.3,62400
3,62235.4,23994.3,62400,62352.2,24011.5,63700
3,62352.2,24011.5,63700,62465,24023.6,65000
3,62465,24023.6,65000,62599.9,24084.3,66300
3,62599.9,24084.3,66300,62706.9,24147.3,67600
8,45200.1,10464.5,27810,45234.1,10580.2,28677.6
2,45200.1,10464.5,27810,45138,10639.1,29714
2,45138,10639.1,29714,45097.3,10754.8,31004
2,45097.3,10754.8,31004,45059.3,10869.7,32304
2,45059.3,10869.7,32304,44992.2,11070,34885
2,44992.2,11070,34885,44952,11181.2,36175
2,45200.1,10464.5,27810,45510.6,10470.6,29714
2,45510.6,10470.6,29714,45720.3,10493,31004
2,45720.3,10493,31004,45920.2,10505.3,32304
2,45920.2,10505.3,32304,46124.7,10499.3,33595
2,46124.7,10499.3,33595,46341,10488.9,34885
2,46341,10488.9,34885,46555.2,10472.4,36175
2,45200.1,10464.5,27810,45722.6,9757.74,29714
2,45722.6,9757.74,29714,46422.9,8777.68,32304
2,46422.9,8777.68,32304,46763.8,8305.82,33595
2,46763.8,8305.82,33595,47108.1,7833.68,34885
2,47108.1,7833.68,34885,47454.8,7369.15,36175
2,45234.1,10580.2,28677.6,45482.6,10577.9,31004
2,45482.6,10577.9,31004,45738,10585.1,33595
2,45738,10585.1,33595,46007.1,10566,36175
2,45144.6,11191.3,31004,45122,11482.9,32304
2,45122,11482.9,32304,45100,11767.4,33595
2,45100,11767.4,33595,45056.2,12341.5,36175
2,93206.7,38857.6,77800,93179.3,38860.2,79100
2,98854,45166.8,77800,98949.3,45299.3,79100
3,91422,40786.6,77800,91514.2,40885.7,79100
3,89796.5,42092.5,77800,89561.2,42335.1,79100
8,93556.8,39208.6,20109.2,93524.6,39251.9,21701.5
2,93524.6,39251.9,21701.5,93527.2,39232.6,23688.2
2,93527.2,39232.6,23688.2,93523.2,39219.2,25056.6
2,93523.2,39219.2,25056.6,93519.3,39209.8,26399.1
2,93519.3,39209.8,26399.1,93515.4,39200.3,27755.2
2,93515.4,39200.3,27755.2,93511.4,39190.7,29124.6
2,93511.4,39190.7,29124.6,93507.5,39181.2,30491
2,93507.5,39181.2,30491,93503.5,39171.5,31867.3
2,93503.5,39171.5,31867.3,93495.6,39153.1,34580.3
2,93495.6,39153.1,34580.3,93480.5,39143.8,35942.1
2,93480.5,39143.8,35942.1,93461.4,39134.5,37315.3
2,93461.4,39134.5,37315.3,93450.9,39125.2,38681.7
2,93450.9,39125.2,38681.7,93445.3,39116.7,40037.4
2,93445.3,39116.7,40037.4,93440,39108.1,41397.6
2,93440,39108.1,41397.6,93434.7,39099.5,42757.4
2,93434.7,39099.5,42757.4,93429.5,39091,44103.6
2,93429.5,39091,44103.6,93424.2,39082.6,45450
2,93424.2,39082.6,45450,93418.9,39074,46812.3
2,93418.9,39074,46812.3,93413.6,39065.4,48169.4
2,93413.6,39065.4,48169.4,93408.3,39056.9,49531.1
2,93408.3,39056.9,49531.1,93403,39048.3,50890
2,93403,39048.3,50890,93397.7,39039.8,52238.9
2,93397.7,39039.8,52238.9,93388.5,39031.2,53600.4
2,93388.5,39031.2,53600.4,93375.9,39022.5,54978.9
2,93375.9,39022.5,54978.9,93349.9,39005.3,57721.7
2,93349.9,39005.3,57721.7,93337.4,38996.6,59089.9
2,93337.4,38996.6,59089.9,93330.8,38988,60460
2,93330.8,38988,60460,93324.3,38977,61815.4
2,93324.3,38977,61815.4,93319.2,38957.6,63170.7
2,93319.2,38957.6,63170.7,93303.7,38945.1,64530.9
2,93303.7,38945.1,64530.9,93292.4,38939.2,65886
2,93292.4,38939.2,65886,93287.2,38932.5,67269.8
2,93287.2,38932.5,67269.8,93282.5,38927.4,68648.4
2,93282.5,38927.4,68648.4,93266.5,38911.7,70018.7
2,93266.5,38911.7,70018.7,93259.4,38906.3,71367.5
2,93259.4,38906.3,71367.5,93259.4,38898.4,72728.5
2,93259.4,38898.4,72728.5,93259.6,38887.1,74100
2,93556.8,39208.6,20109.2,93958.7,40033,22327.1
2,93958.7,40033,22327.1,94197.3,40523.4,23688.2
2,94197.3,40523.4,23688.2,94421.3,40992.5,25056.6
2,94421.3,40992.5,25056.6,94842.8,41907.9,27755.2
2,94842.8,41907.9,27755.2,95051.5,42372.4,29124.6
2,95051.5,42372.4,29124.6,95252.1,42835.8,30491
2,95252.1,42835.8,30491,95455.8,43302.7,31867.3
2,95455.8,43302.7,31867.3,95657.2,43764.3,33228.2
2,95657.2,43764.3,33228.2,95857.3,44222.9,34580.3
2,95857.3,44222.9,34580.3,96058.9,44684.8,35942.1
2,96058.9,44684.8,35942.1,97067.5,46996.6,42757.4
2,97067.5,46996.6,42757.4,97266.8,47453.2,44103.6
2,97266.8,47453.2,44103.6,97667.6,48372,46812.3
2,97667.6,48372,46812.3,98271.1,49755.2,50890
2,98271.1,49755.2,50890,98441.5,50212.7,52238.9
2,98441.5,50212.7,52238.9,99692.3,51142.1,54978.9
2,99692.3,51142.1,54978.9,100060,51609,56355.4
2,100060,51609,56355.4,100658,52536.6,59089.9
2,100658,52536.6,59089.9,100889,53001.3,60460
2,100889,53001.3,60460,101141,53461.1,61815.4
2,101141,53461.1,61815.4,101400,53841.9,63170.7
2,101400,53841.9,63170.7,101879,55748.6,65886
2,101879,55748.6,65886,102094,56342.9,67269.8
2,102094,56342.9,67269.8,102342,56855.9,68648.4
2,102342,56855.9,68648.4,102602,57378.8,70018.7
2,102602,57378.8,70018.7,102837,57913.9,71367.5
2,93556.8,39208.6,20109.2,92089.7,39212.1,22327.1
2,92089.7,39212.1,22327.1,91265.8,39250.4,23688.2
2,91265.8,39250.4,23688.2,90503.9,39314.7,25056.6
2,90503.9,39314.7,25056.6,89736.1,39363.6,26399.1
2,89736.1,39363.6,26399.1,88941.5,39397.2,27755.2
2,88941.5,39397.2,27755.2,88138.9,39409.1,29124.6
2,88138.9,39409.1,29124.6,87382.6,39423.2,30491
2,87382.6,39423.2,30491,86688.2,39455.8,31867.3
2,86688.2,39455.8,31867.3,86092.5,39492.4,33228.2
2,86092.5,39492.4,33228.2,85569,39513.2,34580.3
2,85569,39513.2,34580.3,85091.8,39553.7,35942.1
2,85091.8,39553.7,35942.1,84659.6,39612.2,37315.3
2,84659.6,39612.2,37315.3,84256.4,39712.8,38681.7
2,84256.4,39712.8,38681.7,83850.2,39787.7,40037.4
2,83850.2,39787.7,40037.4,83417,39921.4,41397.6
2,83417,39921.4,41397.6,82983.9,40135.6,42757.4
2,82983.9,40135.6,42757.4,82555.2,40473.6,44103.6
2,82555.2,40473.6,44103.6,82126.3,40777.4,45450
2,82126.3,40777.4,45450,81692.4,41058.3,46812.3
2,81692.4,41058.3,46812.3,81260.2,41351.7,48169.4
2,81260.2,41351.7,48169.4,80826.5,41661.6,49531.1
2,80826.5,41661.6,49531.1,80393.7,41883.7,50890
2,80393.7,41883.7,50890,79964.1,42104.1,52238.9
2,79964.1,42104.1,52238.9,79615.9,42471.4,53600.4
2,79615.9,42471.4,53600.4,79849.6,42837.3,54978.9
2,93556.8,39208.6,20109.2,93816.7,39471.2,22327.1
2,93816.7,39471.2,22327.1,93962.1,39629.6,23688.2
2,93962.1,39629.6,23688.2,94243.5,39940.8,26399.1
2,94243.5,39940.8,26399.1,94384.3,40096.5,27755.2
2,94384.3,40096.5,27755.2,94522.6,40253.7,29124.6
2,94522.6,40253.7,29124.6,94659.8,40410.6,30491
2,94659.8,40410.6,30491,94797.9,40568.6,31867.3
2,94797.9,40568.6,31867.3,94934.6,40724.8,33228.2
2,94934.6,40724.8,33228.2,95071.5,40882.1,34580.3
2,95071.5,40882.1,34580.3,95205.3,41037,35942.1
2,95205.3,41037,35942.1,95338.6,41191.7,37315.3
2,95338.6,41191.7,37315.3,95471.3,41345.5,38681.7
2,95471.3,41345.5,38681.7,95602.9,41498.2,40037.4
2,95602.9,41498.2,40037.4,95735.1,41651.3,41397.6
2,95735.1,41651.3,41397.6,95865.8,41804.4,42757.4
2,95865.8,41804.4,42757.4,95997.5,41961.4,44103.6
2,95997.5,41961.4,44103.6,96125.2,42112.3,45450
2,96125.2,42112.3,45450,96245.3,42250.5,46812.3
2,96245.3,42250.5,46812.3,96360.6,42381.4,48169.4
2,96360.6,42381.4,48169.4,96476.4,42511.6,49531.1
2,96476.4,42511.6,49531.1,96592.3,42640.7,50890
2,96592.3,42640.7,50890,96705,42768.9,52238.9
2,96705,42768.9,52238.9,96817,42896,53600.4
2,96817,42896,53600.4,97045.1,43152,56355.4
2,97045.1,43152,56355.4,97158.2,43278.9,57721.7
2,97158.2,43278.9,57721.7,97384.9,43533.3,60460
2,97384.9,43533.3,60460,97497.2,43659.2,61815.4
2,97497.2,43659.2,61815.4,97610.7,43785.1,63170.7
2,97610.7,43785.1,63170.7,97722.8,43913.1,64530.9
2,97722.8,43913.1,64530.9,97832.4,44037.6,65886
2,97832.4,44037.6,65886,97946.5,44164.7,67269.8
2,97946.5,44164.7,67269.8,98390.8,44638.5,72728.5
2,98390.8,44638.5,72728.5,98502.7,44764,74100
2,93556.8,39208.6,20109.2,93915,39826.7,22327.1
2,93915,39826.7,22327.1,94120.2,40183.3,23688.2
2,94120.2,40183.3,23688.2,94307.6,40520.4,25056.6
2,94307.6,40520.4,25056.6,94493.5,40851,26399.1
2,94493.5,40851,26399.1,94681.3,41185,27755.2
2,94681.3,41185,27755.2,94871,41522.3,29124.6
2,94871,41522.3,29124.6,95060.2,41858.9,30491
2,95060.2,41858.9,30491,95250.9,42197.8,31867.3
2,95250.9,42197.8,31867.3,95439.3,42533,33228.2
2,95439.3,42533,33228.2,95815.2,43201.5,35942.1
2,95815.2,43201.5,35942.1,96005.4,43539.7,37315.3
2,96005.4,43539.7,37315.3,96194.7,43876.2,38681.7
2,96194.7,43876.2,38681.7,96570.8,44545.2,41397.6
2,96570.8,44545.2,41397.6,96945.6,45211.6,44103.6
2,96945.6,45211.6,44103.6,97132.1,45543.3,45450
2,97132.1,45543.3,45450,97320.7,45878.8,46812.3
2,97320.7,45878.8,46812.3,97508.7,46224.5,48169.4
2,97508.7,46224.5,48169.4,97885.5,46872,50890
2,97885.5,46872,50890,98072.3,47173.7,52238.9
2,98072.3,47173.7,52238.9,98260.9,47474.2,53600.4
2,98260.9,47474.2,53600.4,98451.8,47778.4,54978.9
2,98451.8,47778.4,54978.9,98642.5,48082.2,56355.4
2,98642.5,48082.2,56355.4,98831.7,48385.3,57721.7
2,98831.7,48385.3,57721.7,99210.9,48984.1,60460
2,99210.9,48984.1,60460,99398.7,49279.3,61815.4
2,99398.7,49279.3,61815.4,99665.4,49572.1,63170.7
2,99665.4,49572.1,63170.7,100023,49865.9,64530.9
2,100023,49865.9,64530.9,100477,50457.5,67269.8
2,100477,50457.5,67269.8,100699,50755.3,68648.4
2,100699,50755.3,68648.4,100917,51059.3,70018.7
2,100917,51059.3,70018.7,101138,51390.9,71367.5
2,101138,51390.9,71367.5,101376,51736.7,72728.5
2,101376,51736.7,72728.5,101622,52114.4,74100
2,93556.8,39208.6,20109.2,94301.3,37921.8,22327.1
2,94301.3,37921.8,22327.1,95217.6,36341.7,25056.6
2,95217.6,36341.7,25056.6,96123.6,34836.7,27755.2
2,96123.6,34836.7,27755.2,98414.7,31030.3,34580.3
2,98414.7,31030.3,34580.3,98871.9,30270.8,35942.1
2,98871.9,30270.8,35942.1,99382,29479.3,37315.3
2,99382,29479.3,37315.3,99937.1,28672.9,38681.7
2,95209.4,40731.2,23756.6,95788.3,41276.3,25056.6
2,95788.3,41276.3,25056.6,96362.1,41839.2,26399.1
2,96362.1,41839.2,26399.1,96883.9,42407.8,27755.2
2,96883.9,42407.8,27755.2,97401.9,42982,29124.6
2,97401.9,42982,29124.6,97918.9,43554.9,30491
2,97918.9,43554.9,30491,98458.5,44130.5,31867.3
2,98458.5,44130.5,31867.3,99569.5,45283.3,34580.3
3,93345.2,39320.9,25099.1,93283.6,39333.9,26399.1
3,93283.6,39333.9,26399.1,93212.5,39351,27755.2
3,93212.5,39351,27755.2,93149.7,39375,29124.6
3,93149.7,39375,29124.6,93077.5,39391.1,30491
3,93077.5,39391.1,30491,93005,39407,31867.3
3,93005,39407,31867.3,92925.5,39418.9,33228.2
3,93029.4,39430.8,31928.2,92879.6,39468,33228.2
3,93032.2,39433.8,31928.2,92961.7,39489.3,33228.2
3,92917.8,39417.4,33280.3,92846.4,39407.1,34580.3
3,92846.4,39407.1,34580.3,92588.9,39526.1,38681.7
3,92588.9,39526.1,38681.7,92510.8,39379,40037.4
3,92456.9,39333.2,38737.4,92268,39359.8,40037.4
3,92884.6,39525.7,33280.3,92782.8,39541.9,34580.3
3,92782.8,39541.9,34580.3,92699.3,39942.5,40037.4
3,92991.7,39456,33280.3,92960.1,39431.7,34580.3
3,92960.1,39431.7,34580.3,92417.5,39434.2,38681.7
3,92417.5,39434.2,38681.7,92400,39362.2,40037.4
3,92847.5,39389.5,34642.1,92787.1,39340.5,35942.1
3,92787.1,39340.5,35942.1,92776.9,39234.6,37315.3
3,92776.9,39234.6,37315.3,92744.6,39117.5,38681.7
3,92744.6,39117.5,38681.7,92622.9,39194,40037.4
3,92622.9,39194,40037.4,92479,39273.7,41397.6
3,92877.5,39439,33280.3,92761.3,39265.8,34580.3
3,92761.3,39265.8,34580.3,92769.3,39157,35942.1
3,92769.3,39157,35942.1,92776.7,39056.8,37315.3
3,92776.7,39056.8,37315.3,92732.2,38994.2,38681.7
3,92732.2,38994.2,38681.7,92674.4,39074.3,40037.4
3,92674.4,39074.3,40037.4,92670.5,38970,41397.6
3,92910.4,39450.5,33280.3,92711.9,39499.1,34580.3
3,92711.9,39499.1,34580.3,92486.2,39633,35942.1
3,92486.2,39633,35942.1,92396.3,39569.8,37315.3
3,92396.3,39569.8,37315.3,92254.2,39461.9,38681.7
3,92254.2,39461.9,38681.7,92258.4,39469.3,40037.4
3,92258.4,39469.3,40037.4,92262.3,39353.2,41397.6
3,92262.3,39353.2,41397.6,92153.6,39470,42757.4
3,93419.3,39293.3,23756.6,93357.9,39314.5,25056.6
3,93357.9,39314.5,25056.6,93287.1,39337.2,26399.1
3,93287.1,39337.2,26399.1,93143.7,39402.6,29124.6
3,93143.7,39402.6,29124.6,93074,39432.5,30491
3,93074,39432.5,30491,93004.1,39473.5,31867.3
3,93004.1,39473.5,31867.3,92922.7,39518.2,33228.2
3,92922.7,39518.2,33228.2,92781.6,39538.3,34580.3
3,92781.6,39538.3,34580.3,92726.9,39353.4,35942.1
3,92726.9,39353.4,35942.1,92628.6,39424.1,37315.3
3,92628.6,39424.1,37315.3,92578.3,39350.2,38681.7
3,92578.3,39350.2,38681.7,92485.6,39263.7,40037.4
3,92485.6,39263.7,40037.4,92370.3,39219.7,41397.6
3,92370.3,39219.7,41397.6,92232.9,39213.1,42757.4
3,92232.9,39213.1,42757.4,92007.8,39151.4,44103.6
3,93064,39449.6,30567.3,93001.5,39478.6,31867.3
3,93001.5,39478.6,31867.3,92976.8,39478.5,33228.2
3,92976.8,39478.5,33228.2,92847.2,39529.7,34580.3
3,92847.2,39529.7,34580.3,92744.2,39411.4,35942.1
3,92744.2,39411.4,35942.1,92670.1,39393.1,37315.3
3,92670.1,39393.1,37315.3,92572.8,39419.3,38681.7
3,92572.8,39419.3,38681.7,92578.9,39326.9,40037.4
3,92578.9,39326.9,40037.4,92552.4,39382,41397.6
3,92552.4,39382,41397.6,92349.3,39314.2,42757.4
3,92349.3,39314.2,42757.4,92450.6,39245.2,44103.6
3,93050.8,39451.6,30567.3,92951.9,39494.1,31867.3
3,92951.9,39494.1,31867.3,92864,39488.5,33228.2
3,92864,39488.5,33228.2,92763,39475.8,34580.3
3,92763,39475.8,34580.3,92515.8,39477.7,35942.1
3,92515.8,39477.7,35942.1,92419.9,39367.7,37315.3
3,92419.9,39367.7,37315.3,92328.7,39395.6,38681.7
3,92328.7,39395.6,38681.7,92296.1,39386.3,40037.4
3,92296.1,39386.3,40037.4,92249.1,39480.8,41397.6
3,92249.1,39480.8,41397.6,92069.6,39559.1,42757.4
3,92069.6,39559.1,42757.4,92012.1,39596.1,44103.6
3,92776.6,40078.2,34642.1,92700.8,40152.4,35942.1
3,92700.8,40152.4,35942.1,92601.9,40228.8,37315.3
3,92601.9,40228.8,37315.3,92543.5,40279.7,38681.7
3,92543.5,40279.7,38681.7,92480.4,40317.3,40037.4
3,92480.4,40317.3,40037.4,92443.7,40355.8,41397.6
3,92443.7,40355.8,41397.6,92416,40390.9,42757.4
3,92416,40390.9,42757.4,92361.3,40436.4,45450
3,92361.3,40436.4,45450,92369.2,40453.8,46812.3
3,92369.2,40453.8,46812.3,92377.3,40615,48169.4
3,92377.3,40615,48169.4,92346.9,40781.8,53600.4
3,92346.9,40781.8,53600.4,92355.1,40851,54978.9
3,92355.1,40851,54978.9,92422,40916.1,56355.4
3,92422,40916.1,56355.4,92556.1,41016.1,57721.7
3,92777.3,40078.4,34642.1,92708.3,40154.2,35942.1
3,92708.3,40154.2,35942.1,92620.9,40233.1,37315.3
3,92620.9,40233.1,37315.3,92579.1,40295.5,38681.7
3,92579.1,40295.5,38681.7,92564.9,40384.8,40037.4
3,92564.9,40384.8,40037.4,92596.2,40461.4,41397.6
3,91947.1,40782.8,48231.1,91856.9,40859.9,49531.1
3,91856.9,40859.9,49531.1,91765.3,40878.1,50890
3,91953.2,40779.6,48231.1,91889.8,40847.3,49531.1
3,91889.8,40847.3,49531.1,91818.1,40944.8,50890
3,91818.1,40944.8,50890,91793.1,41031.2,52238.9
3,91793.1,41031.2,52238.9,91764.8,41107.1,54978.9
3,92444.8,40505.7,48231.1,92496.8,40564.2,49531.1
3,92496.8,40564.2,49531.1,92604.7,40710.7,50890
3,91826.5,40970.2,50938.9,91849,41119.4,52238.9
3,91116.9,41493.7,61870.7,91047.2,41560.3,63170.7
3,91120.7,41493.3,61870.7,91077.9,41562.6,63170.7
3,91077.9,41562.6,63170.7,91038.6,41623.3,64530.9
3,91526,40114.9,59160,91431.2,40153.1,60460
3,91431.2,40153.1,60460,91347.2,40182.1,61815.4
3,91347.2,40182.1,61815.4,91258.3,40236.2,63170.7
3,91258.3,40236.2,63170.7,91170.3,40302.2,64530.9
3,91170.3,40302.2,64530.9,91077.1,40374.5,65886
3,91077.1,40374.5,65886,90988.2,40444.4,67269.8
3,90988.2,40444.4,67269.8,90905.1,40521.9,68648.4
3,90905.1,40521.9,68648.4,90837.3,40628,70018.7
3,90837.3,40628,70018.7,90711.1,40777,71367.5
3,90711.1,40777,71367.5,90603.3,40891.6,72728.5
3,91436.1,40159.4,60515.4,91344.5,40198,61815.4
3,91344.5,40198,61815.4,91240.6,40235.6,63170.7
3,91240.6,40235.6,63170.7,91142.2,40268.9,64530.9
3,91142.2,40268.9,64530.9,91020.2,40239.6,65886
3,91020.2,40239.6,65886,90923.9,40225.6,67269.8
3,90923.9,40225.6,67269.8,90837,40248,68648.4
3,90837,40248,68648.4,90783,40284.7,70018.7
3,91666.1,39293.8,53678.9,91604.2,39290.3,54978.9
3,91604.2,39290.3,54978.9,91533.1,39249.8,56355.4
3,91533.1,39249.8,56355.4,91465,39165.5,57721.7
3,91465,39165.5,57721.7,91434.6,39132.5,59089.9
3,91434.6,39132.5,59089.9,91346.3,39118.8,60460
3,91676.3,39328.4,53678.9,91603.8,39355.2,54978.9
3,91549.1,39334.3,55055.4,91397.1,39206.2,56355.4
3,91563.2,39288.4,57789.9,91509.4,39301.5,59089.9
3,91518.7,39259.7,59160,91497.4,39172.9,60460
3,91497.4,39172.9,60460,91362.9,39123.1,61815.4
3,91918.2,40006.9,49590,91822.8,40041.7,50890
3,91822.8,40041.7,50890,91743.2,40083.6,52238.9
3,91743.2,40083.6,52238.9,91626.9,40196.8,53600.4
3,91918.8,40006.3,49590,91830.4,40034,50890
3,91830.4,40034,50890,91776.8,40081.3,52238.9
3,91776.8,40081.3,52238.9,91813.2,40200.6,53600.4
3,91813.2,40200.6,53600.4,91858.3,40318.3,54978.9
